rank,precision,recall
1,0.0,0.0
2,0.0,0.0
3,0.0,0.0
4,0.0,0.0
5,0.0,0.0
6,0.0,0.0
7,0.14285714285714285,0.03225806451612903
8,0.125,0.03225806451612903
9,0.1111111111111111,0.03225806451612903
10,0.1,0.03225806451612903
11,0.09090909090909091,0.03225806451612903
12,0.08333333333333333,0.03225806451612903
13,0.07692307692307693,0.03225806451612903
14,0.07142857142857142,0.03225806451612903
15,0.06666666666666667,0.03225806451612903
