metric,value
desc_subfolder,spatialGrid/2x2_hsv_c8_grad16u
descriptor_label,spatial_grid_2x2_hsv_c8_grad16u
metric_name,L2
topk,15
N,591
timestamp,1109-1923
timestamp_full,1109192332
top1_acc,0.5008460236886633
top5_acc,0.7411167512690355
mean_P_at_15,0.25437112239142695
mean_R_at_15,0.13345033684684968
mAP,0.19984545324626518
