metric,value
desc_subfolder,spatialGrid/2x2_rgb_c8_lbp8r2
descriptor_label,spatial_grid_2x2_rgb_c8_lbp8r2
metric_name,CHI2
topk,15
N,591
timestamp,1109-1923
timestamp_full,1109192341
top1_acc,0.5465313028764806
top5_acc,0.7783417935702199
mean_P_at_15,0.2943034404963339
mean_R_at_15,0.15427616885098394
mAP,0.23091187213949424
