metric,value
desc_subfolder,spatialGrid/3x3_rgb_c8_grad16u
descriptor_label,spatial_grid_3x3_rgb_c8_grad16u
metric_name,CHI2
topk,15
N,591
timestamp,1109-1923
timestamp_full,1109192336
top1_acc,0.5245346869712352
top5_acc,0.7800338409475466
mean_P_at_15,0.30163564579808233
mean_R_at_15,0.15859656275241016
mAP,0.23810623580978124
