metric,value
desc_subfolder,spatialGrid/2x2_rgb_c8_lbp8r1
descriptor_label,spatial_grid_2x2_rgb_c8_lbp8r1
metric_name,CHI2
topk,15
N,591
timestamp,1109-2119
timestamp_full,1109211937
top1_acc,0.5465313028764806
top5_acc,0.7834179357021996
mean_P_at_15,0.30016920473773273
mean_R_at_15,0.15730223482569267
mAP,0.23579460408938385
