rank,precision,recall
1,1.0,0.03225806451612903
2,1.0,0.06451612903225806
3,1.0,0.0967741935483871
4,1.0,0.12903225806451613
5,1.0,0.16129032258064516
6,1.0,0.1935483870967742
7,1.0,0.22580645161290322
8,1.0,0.25806451612903225
9,1.0,0.2903225806451613
10,1.0,0.3225806451612903
11,1.0,0.3548387096774194
12,1.0,0.3870967741935484
13,1.0,0.41935483870967744
14,1.0,0.45161290322580644
15,1.0,0.4838709677419355
