metric,value
desc_subfolder,cnn/resnet18_embed128
descriptor_label,cnn_resnet18_embed128
metric_name,L2
topk,15
N,591
timestamp,1110-1501
timestamp_full,1110150150
run_id,resnet18_l2
top1_acc,0.9712351945854484
top5_acc,0.988155668358714
mean_P_at_15,0.968302312464749
mean_R_at_15,0.5079483703672675
mAP,0.9692611718400834
