metric,value
desc_subfolder,spatialGrid/4x4_rgb_c16_lbp8r1
descriptor_label,spatial_grid_4x4_rgb_c16_lbp8r1
metric_name,CHI2
topk,15
N,591
timestamp,1109-2128
timestamp_full,1109212823
top1_acc,0.5736040609137056
top5_acc,0.7834179357021996
mean_P_at_15,0.290468133107727
mean_R_at_15,0.15217927045825524
mAP,0.22212909827204744
