metric,value
desc_subfolder,spatialGrid/2x2_rgb_c8_lbp8r2
descriptor_label,spatial_grid_2x2_rgb_c8_lbp8r2
metric_name,L2
topk,15
N,591
timestamp,1109-1923
timestamp_full,1109192343
top1_acc,0.4602368866328257
top5_acc,0.7411167512690355
mean_P_at_15,0.24929498025944724
mean_R_at_15,0.13041327260510446
mAP,0.19346969115093246
