rank,precision,recall
1,0.0,0.0
2,0.0,0.0
3,0.0,0.0
4,0.25,0.03225806451612903
5,0.2,0.03225806451612903
6,0.16666666666666666,0.03225806451612903
7,0.14285714285714285,0.03225806451612903
8,0.125,0.03225806451612903
9,0.1111111111111111,0.03225806451612903
10,0.1,0.03225806451612903
11,0.09090909090909091,0.03225806451612903
12,0.16666666666666666,0.06451612903225806
13,0.15384615384615385,0.06451612903225806
14,0.21428571428571427,0.0967741935483871
15,0.2,0.0967741935483871
