metric,value
desc_subfolder,spatialGrid/2x2_hsv_c8_grad16u
descriptor_label,spatial_grid_2x2_hsv_c8_grad16u
metric_name,CHI2
topk,15
N,591
timestamp,1109-1923
timestamp_full,1109192330
top1_acc,0.5431472081218274
top5_acc,0.7749576988155669
mean_P_at_15,0.3008460236886633
mean_R_at_15,0.15814872037114608
mAP,0.23804678212864758
