metric,value
desc_subfolder,spatialGrid/2x2_rgb_c8_grad16u
descriptor_label,spatial_grid_2x2_rgb_c8_grad16u
metric_name,L2
topk,15
N,591
timestamp,1109-1923
timestamp_full,1109192327
top1_acc,0.4703891708967851
top5_acc,0.7411167512690355
mean_P_at_15,0.255160744500846
mean_R_at_15,0.13358381978260267
mAP,0.19647987453942253
