rank,distance,filename
1,0.0,10_10_s.bmp
2,3.501037142303802,10_11_s.bmp
3,3.7002855184444607,11_9_s.bmp
4,3.8128693273414145,12_26_s.bmp
5,3.9077562369807,9_13_s.bmp
6,3.978849678727872,9_12_s.bmp
7,4.036602265120248,5_8_s.bmp
8,4.04087601214019,1_28_s.bmp
9,4.052037791085828,10_14_s.bmp
10,4.074431112577077,10_9_s.bmp
11,4.09471693345927,9_5_s.bmp
12,4.120838971379229,9_7_s.bmp
13,4.226535464309194,12_28_s.bmp
14,4.245507907962012,10_15_s.bmp
15,4.248083535388807,10_6_s.bmp
