metric,value
desc_subfolder,globalRGBhisto/rgb16
descriptor_label,hist_rgb_16bins
metric_name,CHI2
topk,15
N,591
timestamp,1109-1922
timestamp_full,1109192256
top1_acc,0.55668358714044
top5_acc,0.7597292724196277
mean_P_at_15,0.27208121827411164
mean_R_at_15,0.1428882631839079
mAP,0.21309840548733408
