metric,value
desc_subfolder,spatialGrid/4x4_rgb_c8_lbp8r1_pca128
descriptor_label,spatial_grid_4x4_rgb_c8_lbp8r1_pca128
metric_name,L2
topk,15
N,591
timestamp,1109-2153
timestamp_full,1109215309
top1_acc,0.43316412859560066
top5_acc,0.6649746192893401
mean_P_at_15,0.1805978567399887
mean_R_at_15,0.09401519784341718
mAP,0.12826953124393287
