metric,value
desc_subfolder,BoVW/sift_k400
descriptor_label,bow_sift_k400
metric_name,CHI2
topk,15
N,591
timestamp,1109-1923
timestamp_full,1109192358
top1_acc,0.3840947546531303
top5_acc,0.6869712351945855
mean_P_at_15,0.23677382966723068
mean_R_at_15,0.12311201728777205
mAP,0.1770678763376229
