metric,value
desc_subfolder,globalRGBhisto/rgb8
descriptor_label,hist_rgb_8bins
metric_name,L2
topk,15
N,591
timestamp,1109-1922
timestamp_full,1109192252
top1_acc,0.41624365482233505
top5_acc,0.6751269035532995
mean_P_at_15,0.2178228990411732
mean_R_at_15,0.11393409474956963
mAP,0.1662347434398703
