metric,value
desc_subfolder,BoVW/sift_k800
descriptor_label,bow_sift_k800
metric_name,CHI2
topk,15
N,591
timestamp,1109-1923
timestamp_full,1109192356
top1_acc,0.38917089678510997
top5_acc,0.6751269035532995
mean_P_at_15,0.2433164128595601
mean_R_at_15,0.12632942141747996
mAP,0.18421607673916263
