rank,precision,recall
1,1.0,0.03225806451612903
2,1.0,0.06451612903225806
3,1.0,0.0967741935483871
4,1.0,0.12903225806451613
5,1.0,0.16129032258064516
6,1.0,0.1935483870967742
7,1.0,0.22580645161290322
8,1.0,0.25806451612903225
9,1.0,0.2903225806451613
10,1.0,0.3225806451612903
11,1.0,0.3548387096774194
12,1.0,0.3870967741935484
13,0.9230769230769231,0.3870967741935484
14,0.9285714285714286,0.41935483870967744
15,0.8666666666666667,0.41935483870967744
