rank,distance,filename
1,0.0,10_10_s.bmp
2,3.0117005374346046,1_28_s.bmp
3,3.059957273585125,1_3_s.bmp
4,3.191910594878965,9_13_s.bmp
5,3.2027746719587538,10_1_s.bmp
6,3.2128999862726557,9_5_s.bmp
7,3.245371540518792,1_29_s.bmp
8,3.33814033415047,1_4_s.bmp
9,3.393298439684548,9_7_s.bmp
10,3.4022203158355504,1_1_s.bmp
11,3.5212174319455833,9_4_s.bmp
12,3.572874789832033,9_12_s.bmp
13,3.588111299505517,10_6_s.bmp
14,3.6542145333377585,12_26_s.bmp
15,3.675718280408012,10_26_s.bmp
