rank,precision,recall
1,0.0,0.0
2,0.0,0.0
3,0.0,0.0
4,0.25,0.03225806451612903
5,0.2,0.03225806451612903
6,0.16666666666666666,0.03225806451612903
7,0.14285714285714285,0.03225806451612903
8,0.125,0.03225806451612903
9,0.2222222222222222,0.06451612903225806
10,0.2,0.06451612903225806
11,0.2727272727272727,0.0967741935483871
12,0.25,0.0967741935483871
13,0.3076923076923077,0.12903225806451613
14,0.2857142857142857,0.12903225806451613
15,0.26666666666666666,0.12903225806451613
