metric,value
desc_subfolder,spatialGrid/2x2_rgb_c8_grad8u
descriptor_label,spatial_grid_2x2_rgb_c8_grad8u
metric_name,L2
topk,15
N,591
timestamp,1109-1923
timestamp_full,1109192323
top1_acc,0.47884940778341795
top5_acc,0.7292724196277496
mean_P_at_15,0.25696559503666105
mean_R_at_15,0.13454280062334723
mAP,0.1956365901060061
