rank,precision,recall
1,0.0,0.0
2,0.0,0.0
3,0.0,0.0
4,0.0,0.0
5,0.2,0.03225806451612903
6,0.3333333333333333,0.06451612903225806
7,0.42857142857142855,0.0967741935483871
8,0.375,0.0967741935483871
9,0.4444444444444444,0.12903225806451613
10,0.5,0.16129032258064516
11,0.45454545454545453,0.16129032258064516
12,0.4166666666666667,0.16129032258064516
13,0.46153846153846156,0.1935483870967742
14,0.42857142857142855,0.1935483870967742
15,0.4666666666666667,0.22580645161290322
