metric,value
desc_subfolder,spatialGrid/4x4_rgb_c8_lbp8r1
descriptor_label,spatial_grid_4x4_rgb_c8_lbp8r1
metric_name,CHI2
topk,15
N,591
timestamp,1109-2127
timestamp_full,1109212714
top1_acc,0.5583756345177665
top5_acc,0.8071065989847716
mean_P_at_15,0.3179921037789058
mean_R_at_15,0.16691429282753567
mAP,0.24816937940630565
