metric,value
desc_subfolder,globalRGBhisto/rgb32
descriptor_label,hist_rgb_32bins
metric_name,CHI2
topk,15
N,591
timestamp,1109-1923
timestamp_full,1109192309
top1_acc,0.5532994923857868
top5_acc,0.7851099830795262
mean_P_at_15,0.2711787930062042
mean_R_at_15,0.1425578937362427
mAP,0.21261112285389352
