rank,precision,recall
1,0.0,0.0
2,0.0,0.0
3,0.0,0.0
4,0.0,0.0
5,0.0,0.0
6,0.16666666666666666,0.03225806451612903
7,0.2857142857142857,0.06451612903225806
8,0.25,0.06451612903225806
9,0.2222222222222222,0.06451612903225806
10,0.2,0.06451612903225806
11,0.2727272727272727,0.0967741935483871
12,0.25,0.0967741935483871
13,0.23076923076923078,0.0967741935483871
14,0.21428571428571427,0.0967741935483871
15,0.2,0.0967741935483871
